{"stats":{"minecraft:picked_up":{"minecraft:porkchop":5,"minecraft:spruce_sapling":1,"minecraft:spruce_log":2,"minecraft:mutton":1,"minecraft:white_wool":1,"minecraft:dirt":6,"minecraft:cobblestone":2},"minecraft:custom":{"minecraft:time_since_rest":5107,"minecraft:crouch_one_cm":209,"minecraft:sprint_one_cm":18600,"minecraft:play_time":5107,"minecraft:damage_taken":140,"minecraft:walk_one_cm":9201,"minecraft:sneak_time":144,"minecraft:mob_kills":5,"minecraft:jump":247,"minecraft:damage_dealt":601,"minecraft:leave_game":2,"minecraft:time_since_death":5107,"minecraft:total_world_time":5107,"minecraft:fall_one_cm":8521,"minecraft:fly_one_cm":29249},"minecraft:used":{"minecraft:dirt":6,"minecraft:spruce_log":2},"minecraft:killed":{"minecraft:sheep":1,"minecraft:zombie":1,"minecraft:pig":3},"minecraft:mined":{"minecraft:grass":1,"minecraft:grass_block":6,"minecraft:spruce_leaves":4,"minecraft:spruce_log":2}},"DataVersion":3465}