{"stats":{"minecraft:used":{"minecraft:stone_pickaxe":90,"minecraft:wooden_pickaxe":4,"minecraft:stone_axe":3,"minecraft:oak_door":2,"minecraft:cobblestone":24,"minecraft:crafting_table":3},"minecraft:crafted":{"minecraft:oak_door":3,"minecraft:oak_planks":40,"minecraft:crafting_table":1,"minecraft:stick":4,"minecraft:wooden_pickaxe":1,"minecraft:stone_pickaxe":1,"minecraft:stone_axe":1},"minecraft:custom":{"minecraft:time_since_rest":19175,"minecraft:sprint_one_cm":20185,"minecraft:damage_taken":10,"minecraft:walk_one_cm":43305,"minecraft:damage_dealt":85,"minecraft:swim_one_cm":40940,"minecraft:interact_with_crafting_table":5,"minecraft:fly_one_cm":18233,"minecraft:crouch_one_cm":2580,"minecraft:play_time":19175,"minecraft:sneak_time":2828,"minecraft:walk_under_water_one_cm":9055,"minecraft:jump":211,"minecraft:leave_game":2,"minecraft:walk_on_water_one_cm":13139,"minecraft:time_since_death":19175,"minecraft:total_world_time":19175,"minecraft:fall_one_cm":3116},"minecraft:mined":{"minecraft:oak_door":2,"minecraft:iron_ore":2,"minecraft:crafting_table":3,"minecraft:grass":1,"minecraft:oak_log":10,"minecraft:coal_ore":46,"minecraft:stone":46,"minecraft:sugar_cane":6,"minecraft:oak_leaves":7},"minecraft:picked_up":{"minecraft:stick":2,"minecraft:crafting_table":3,"minecraft:raw_iron":2,"minecraft:oak_door":2,"minecraft:oak_log":10,"minecraft:oak_sapling":3,"minecraft:sugar_cane":13,"minecraft:coal":46,"minecraft:cobblestone":46}},"DataVersion":3465}