{"stats":{"minecraft:picked_up":{"minecraft:crafting_table":4,"minecraft:pumpkin":18,"minecraft:spruce_sapling":8,"minecraft:spruce_log":9,"minecraft:spider_eye":1,"minecraft:string":1,"minecraft:dirt":29,"minecraft:rabbit_hide":1,"minecraft:mutton":3,"minecraft:coal":15,"minecraft:white_wool":2,"minecraft:cobblestone":41,"minecraft:furnace":2},"minecraft:custom":{"minecraft:time_since_rest":13631,"minecraft:interact_with_furnace":6,"minecraft:sprint_one_cm":23689,"minecraft:damage_taken":110,"minecraft:walk_one_cm":53141,"minecraft:mob_kills":3,"minecraft:damage_dealt":320,"minecraft:interact_with_crafting_table":7,"minecraft:fly_one_cm":9426,"minecraft:crouch_one_cm":1989,"minecraft:play_time":13631,"minecraft:sneak_time":1062,"minecraft:jump":129,"minecraft:time_since_death":13631,"minecraft:total_world_time":13631,"minecraft:fall_one_cm":4904},"minecraft:used":{"minecraft:cooked_mutton":2,"minecraft:stone_shovel":14,"minecraft:stone_pickaxe":54,"minecraft:wooden_pickaxe":4,"minecraft:stone_axe":29,"minecraft:dirt":6,"minecraft:crafting_table":4,"minecraft:furnace":2,"minecraft:spruce_log":1},"minecraft:killed":{"minecraft:sheep":2,"minecraft:spider":1},"minecraft:crafted":{"minecraft:stone_shovel":1,"minecraft:crafting_table":1,"minecraft:spruce_planks":32,"minecraft:stick":8,"minecraft:wooden_pickaxe":1,"minecraft:stone_pickaxe":1,"minecraft:furnace":1,"minecraft:stone_axe":1,"minecraft:cooked_mutton":2},"minecraft:mined":{"minecraft:large_fern":1,"minecraft:furnace":2,"minecraft:spruce_log":9,"minecraft:pumpkin":18,"minecraft:crafting_table":4,"minecraft:grass_block":10,"minecraft:coal_ore":15,"minecraft:dirt":19,"minecraft:spruce_leaves":5,"minecraft:stone":41,"minecraft:fern":1}},"DataVersion":3465}